NAC image,http://lroc.sese.asu.edu/data/LRO-L-LROC-2-EDR-V1.0/LROLRC_0032/DATA/ESM3/2017246/NAC/M1259058367LE.IMG,,,,
,,,,,
Crater name,Zi Wei,,,,
Crater diameter,450 <m>,,,,
,,,,,
Crater center,LAT,LON,,,
,44.12,-19.53,,,
,,,,,
Total count area ,2.9 <km^2>,,,,
,,,,,
BOULDER_DIAM_km,BOULDER_DIAM_m,LON,LAT,DISTANCE_m,DISTANCE_CRATER_RADII
0.002277445,2.277445425,-19.50277491,44.15822728,1301.509298,4.784485769
0.001924731,1.924731246,-19.50065378,44.15820538,1322.568388,4.878081725
0.0023716,2.371600108,-19.50070128,44.15773126,1309.496921,4.819986313
0.00305659,3.056589642,-19.49960719,44.15745664,1314.04748,4.840211023
0.002936241,2.936241144,-19.4963525,44.15801369,1365.290004,5.067955572
0.0031376,3.137599763,-19.49167055,44.15770622,1414.969236,5.28875216
0.002113705,2.113705465,-19.49187331,44.1576139,1410.109979,5.267155463
0.002362059,2.362058919,-19.49134316,44.15744491,1412.806664,5.27914073
0.002722166,2.722165761,-19.47930246,44.16044375,1649.216114,6.329849395
0.001850476,1.850476442,-19.473794,44.16057441,1734.465805,6.708736911
0.002516024,2.516024111,-19.49410599,44.15444763,1304.036184,4.795716373
0.002516344,2.51634434,-19.49387757,44.15507744,1322.322024,4.876986771
0.002584075,2.584075351,-19.49214432,44.15454542,1332.364671,4.921620759
0.003977004,3.977003594,-19.49483058,44.15617433,1337.233684,4.943260817
0.002001047,2.001046717,-19.49504273,44.15563527,1321.203907,4.872017366
0.002985338,2.985337816,-19.49261043,44.15508135,1338.985612,4.951047163
0.003297999,3.297998526,-19.49528176,44.15470659,1295.247314,4.756654727
0.002145897,2.145897484,-19.49478935,44.15522609,1314.287169,4.841276306
0.00270715,2.707150112,-19.49637753,44.15567048,1305.585868,4.802603856
0.002647501,2.647501283,-19.49604999,44.15526677,1299.50544,4.775579731
0.002608826,2.608826306,-19.49657427,44.15500624,1286.533627,4.717927231
0.002967401,2.967401417,-19.49576237,44.15438973,1281.35021,4.694889823
0.001959902,1.959901958,-19.49489349,44.15581287,1327.474978,4.89988879
0.00228512,2.285119664,-19.49592416,44.15481378,1289.803614,4.732460506
0.002723371,2.723370785,-19.49568933,44.15441633,1282.930352,4.701912677
0.003523729,3.523729225,-19.49728323,44.15628386,1310.218122,4.823191653
0.004744262,4.744261773,-19.49807171,44.15632846,1302.121082,4.787204809
0.004640698,4.640698161,-19.49822947,44.1559537,1290.685581,4.736380358
0.002979472,2.979472439,-19.49740295,44.15492409,1274.358752,4.663816678
0.0020922,2.092199815,-19.49714097,44.15464635,1270.571179,4.64698302
0.004190055,4.190055315,-19.49801428,44.15670008,1312.325128,4.832556126
0.00261423,2.61422982,-19.49839537,44.1549992,1264.379531,4.619464583
0.003704938,3.704937895,-19.49777214,44.15554139,1285.548215,4.713547622
0.003889487,3.88948717,-19.49716481,44.15674468,1323.356302,4.881583566
0.002933549,2.933549402,-19.4993334,44.15630107,1286.976141,4.719893959
0.002798522,2.798522137,-19.4975331,44.15530824,1282.487829,4.699945907
0.003263171,3.263170873,-19.49715441,44.15501328,1279.617945,4.687190865
0.002552255,2.552255239,-19.50299365,44.15575185,1232.888388,4.479503949
0.002247844,2.247843573,-19.50234516,44.15608748,1248.580128,4.549245012
0.002897122,2.89712224,-19.50095279,44.15417771,1213.674128,4.394107233
0.002805985,2.8059848,-19.50048732,44.15646068,1278.322538,4.681433501
0.004267587,4.267586617,-19.50867434,44.15506883,1159.996207,4.155538699
0.005038567,5.038567026,-19.50868936,44.15485837,1154.020285,4.128979046
0.001914471,1.914470729,-19.50755515,44.15666331,1214.040673,4.395736325
0.004162532,4.162532205,-19.50626509,44.15668131,1226.094595,4.44930931
0.003811801,3.811800685,-19.50541047,44.15699035,1242.489794,4.522176863
0.002822164,2.822164191,-19.51257336,44.15728374,1192.202805,4.298679133
0.002120519,2.120519033,-19.51150064,44.1548748,1131.298823,4.027994767
0.002101157,2.101156922,-19.51239757,44.15533171,1137.536696,4.055718648
0.002147407,2.147406584,-19.51140043,44.15587546,1160.45772,4.157589865
0.002196008,2.196008092,-19.51203395,44.15582461,1154.272713,4.130100947
0.001888019,1.888019348,-19.51098234,44.15551948,1153.581067,4.127026963
0.002390256,2.390256151,-19.51224283,44.15720315,1192.197844,4.298657086
0.002799457,2.799457243,-19.58173902,44.15646146,1577.662769,6.011834528
0.003412447,3.412447352,-19.57970803,44.15580583,1532.303947,5.810239766
0.003947593,3.947593277,-19.58218959,44.15472772,1548.478932,5.882128587
0.004934546,4.93454633,-19.58292294,44.15675642,1602.347216,6.121543182
0.002729605,2.72960517,-19.58362871,44.15683935,1615.153596,6.178460427
0.002472288,2.472288489,-19.51367491,44.15126179,1012.119126,3.498307227
0.003054377,3.054376575,-19.51286457,44.15113427,1014.84388,3.510417243
0.002536658,2.536657814,-19.51186494,44.15315279,1079.749416,3.798886293
0.002814334,2.814333652,-19.51077866,44.15207703,1058.573628,3.704771681
0.007215365,7.215365087,-19.49524842,44.15403297,1279.144581,4.685087026
0.005540817,5.540816816,-19.49482236,44.15319113,1264.243208,4.618858702
0.0037314,3.731400047,-19.4955475,44.15319035,1254.735329,4.576601462
0.005615475,5.615475167,-19.49410907,44.15185405,1241.929475,4.519686557
0.006677398,6.677398141,-19.49383416,44.15171714,1242.484753,4.522154458
0.00395014,3.950140388,-19.49254977,44.15186813,1263.863772,4.61717232
0.003389566,3.389565943,-19.49356009,44.15130795,1236.725864,4.496559395
0.003423082,3.423082488,-19.49420098,44.15338907,1277.223278,4.676547901
0.002833707,2.833707171,-19.49449378,44.15280542,1259.330633,4.597025038
0.003272307,3.272306807,-19.49545285,44.15225463,1233.360687,4.481603053
0.002375457,2.375456526,-19.4921138,44.15209033,1275.130984,4.66724882
0.00243289,2.432890374,-19.49376154,44.15339846,1283.300921,4.703559647
0.002818688,2.818687598,-19.49349219,44.1533922,1286.760533,4.7189357
0.002296563,2.296563039,-19.49351472,44.15298067,1276.665386,4.674068384
0.002391719,2.391719301,-19.49148006,44.15186187,1278.84967,4.68377631
0.002604645,2.604644508,-19.48566949,44.14802589,1285.408833,4.712928146
0.003011658,3.011657608,-19.49013518,44.15012265,1259.484851,4.597710448
0.00393799,3.937989962,-19.49168215,44.1497831,1228.964365,4.462063843
0.004155827,4.155827022,-19.49161764,44.14957969,1225.397874,4.446212774
0.007130902,7.13090187,-19.49117968,44.15001625,1241.577146,4.51812065
0.002739725,2.739725176,-19.49215842,44.15075794,1243.950356,4.528668251
0.003223162,3.223162287,-19.4923614,44.14848671,1190.174262,4.289663385
0.005554838,5.554837831,-19.49374921,44.14824652,1164.236184,4.174383038
0.005872504,5.872504348,-19.49366417,44.1506531,1220.090162,4.422622942
0.004342928,4.342928361,-19.49658767,44.15078767,1183.083076,4.258147005
0.006205235,6.205235241,-19.50157376,44.14942556,1085.516676,3.824518558
0.002233231,2.233231277,-19.50293258,44.15063824,1099.81145,3.888050888
0.003232854,3.232853973,-19.50337475,44.1481096,1030.45076,3.579781153
0.003667225,3.667225053,-19.50320097,44.14874098,1048.432253,3.659698902
0.002791082,2.791081832,-19.5028964,44.14841003,1043.839504,3.639286684
0.002504102,2.504102391,-19.5033415,44.14761436,1018.482352,3.526588232
0.002968253,2.968252548,-19.50266355,44.14783734,1032.472562,3.588766944
0.002611556,2.611555904,-19.50371651,44.14956717,1063.261536,3.725606827
0.008448024,8.448024032,-19.50480888,44.14840143,1020.687426,3.536388562
0.003503439,3.503438534,-19.50530002,44.14981283,1051.527858,3.673457145
0.004840174,4.840173558,-19.50458792,44.14775284,1006.789857,3.474621586
0.002202497,2.202496763,-19.50459583,44.14800085,1012.987225,3.502165444
0.002612137,2.612137052,-19.50686457,44.14871829,1005.685673,3.469714101
0.005223545,5.223545066,-19.50683959,44.14784125,983.0380305,3.369057913
0.004136965,4.136964636,-19.50758555,44.14988638,1028.964295,3.573174646
0.002088322,2.088322176,-19.50511316,44.14945138,1044.227452,3.641010898
0.003539068,3.539068461,-19.50493443,44.14755333,997.5995743,3.433775886
0.002352577,2.352577028,-19.50571364,44.14818627,1004.699406,3.465330694
0.00406724,4.067239662,-19.50803572,44.14880044,995.359521,3.423820093
0.002267388,2.267387676,-19.5101226,44.14781152,947.6024076,3.211566256
0.002639414,2.639413606,-19.51035036,44.14771059,942.6230481,3.189435769
0.002046536,2.046536234,-19.51054951,44.14829502,956.521359,3.25120604
0.00201947,2.019469737,-19.51051897,44.1501117,1006.484327,3.473263677
0.002709785,2.709784926,-19.51061326,44.14781152,942.7775666,3.190122518
0.003355768,3.355767519,-19.51124667,44.14954761,984.3323579,3.374810479
0.002416568,2.416567984,-19.50953609,44.15066875,1030.880038,3.581689059
0.003273262,3.273262477,-19.50984534,44.14939348,993.1632954,3.414059091
0.00222263,2.222629935,-19.50527185,44.149974,1056.042311,3.693521381
0.002155634,2.155634452,-19.5091706,44.14770433,954.3733927,3.241659523
0.002571358,2.571357547,-19.51376834,44.15011639,978.9452331,3.350867703
0.004550343,4.550343272,-19.51437594,44.14945216,955.4087961,3.246261316
0.002919894,2.919893586,-19.51423362,44.14985899,968.0380183,3.302391192
0.002056557,2.056556522,-19.56698669,44.15041761,1223.926803,4.43967468
0.002102549,2.1025491,-19.56764774,44.15054435,1236.306469,4.494695418
0.00287131,2.871309751,-19.60258858,44.14502078,1752.15904,6.787373513
0.003281657,3.28165681,-19.50939952,44.14673184,926.1137589,3.11606115
0.002853436,2.853435559,-19.51007915,44.14703227,927.0883557,3.120392692
0.002898503,2.898503264,-19.51126859,44.14693526,912.6417841,3.056185707
0.001872813,1.872813371,-19.51232656,44.146325,885.8949033,2.937310681
0.002951821,2.951820696,-19.50921028,44.14621234,914.3948587,3.06397715
0.003058712,3.058711868,-19.51036351,44.14685076,919.3361243,3.08593833
0.002266651,2.266651335,-19.51076775,44.14661605,908.9593287,3.039819239
0.002632267,2.632266883,-19.50903841,44.14562243,900.7850868,3.003489274
0.002442378,2.44237753,-19.51024421,44.14646818,910.3059092,3.045804041
0.002870279,2.870279084,-19.50858823,44.14572101,908.3483203,3.037103646
0.003813025,3.813024838,-19.50767803,44.14685154,947.9262581,3.213005591
0.002444415,2.444414818,-19.50820121,44.14575387,913.5473902,3.060210623
0.00376325,3.763250073,-19.50597168,44.14687423,968.0540095,3.302462264
0.005719405,5.719404572,-19.50445968,44.14713476,992.7452009,3.412200893
0.002908024,2.908024235,-19.50338653,44.14587983,975.1418843,3.33396393
0.004992123,4.992122684,-19.50400639,44.14740468,1005.052722,3.466900989
0.003211708,3.211707986,-19.50393209,44.14726307,1002.421027,3.455204565
0.00185114,1.851140019,-19.50380427,44.14702758,998.1289522,3.436128676
0.003521751,3.521750738,-19.50592572,44.14672323,964.747505,3.287766689
0.003118619,3.118619462,-19.5039313,44.14652842,984.1500455,3.374000202
0.003350695,3.350695471,-19.50330235,44.1466849,995.9495666,3.426442518
0.002560612,2.560611955,-19.50314897,44.14702523,1006.28133,3.472361468
0.003343491,3.343490872,-19.50226287,44.14631405,1000.321332,3.445872587
0.00286801,2.868010128,-19.50258144,44.14649869,1000.642353,3.447299347
0.002847748,2.847747789,-19.50122007,44.14587592,1003.759383,3.461152815
0.00302685,3.0268502,-19.5021743,44.14711207,1020.858924,3.537150774
0.002534931,2.534930731,-19.50260056,44.1470487,1013.831373,3.505917211
0.008662208,8.662207891,-19.49581053,44.14650886,1095.113502,3.86717112
0.002690384,2.690384396,-19.4994966,44.14511389,1010.049593,3.489109302
0.001958046,1.958046191,-19.49668997,44.14490264,1046.559826,3.651377003
0.002603246,2.603245829,-19.49772015,44.14475086,1027.7991,3.567995999
0.002661369,2.66136884,-19.49535113,44.14495037,1067.966074,3.746515886
0.002260515,2.260514958,-19.49698918,44.14539085,1052.831674,3.679251886
0.001994544,1.99454401,-19.49730529,44.14530479,1046.237002,3.649942233
0.002516745,2.51674534,-19.49590786,44.14451693,1050.109692,3.667154185
0.002269743,2.269743168,-19.49579976,44.1443409,1048.008932,3.657817476
0.002287918,2.287918296,-19.49539441,44.14692039,1110.419438,3.935197504
0.002338413,2.338413257,-19.50059244,44.14519212,996.3601971,3.428267543
0.004478972,4.478971869,-19.49453531,44.14464759,1074.166757,3.774074477
0.002267202,2.267202358,-19.49519912,44.14445669,1059.781665,3.710140732
0.001997142,1.997142004,-19.49432968,44.14512327,1087.434709,3.833043149
0.002452172,2.452171934,-19.4977079,44.14448407,1022.093608,3.542638256
0.004306683,4.306683358,-19.49369935,44.14736635,1145.50423,4.091129911
0.002931967,2.931966865,-19.49165423,44.14653624,1159.025794,4.151225749
0.002481031,2.481030873,-19.4941459,44.14564747,1101.450114,3.895333839
0.002061195,2.061195138,-19.491818,44.14678426,1161.704992,4.163133296
0.002196448,2.196447869,-19.45950208,44.14469532,1706.918569,6.586304751
0.0028034,2.803399531,-19.45673325,44.1465026,1785.216946,6.934297539
0.001648688,1.648687733,-19.45551963,44.14619904,1804.771808,7.021208034
0.001707371,1.707370755,-19.45681444,44.1444473,1756.47789,6.806568401
0.003400336,3.400336274,-19.49487501,44.14414687,1058.314909,3.703621818
0.004817612,4.81761212,-19.49769732,44.1425829,981.2100262,3.36093345
0.006856738,6.85673753,-19.49861842,44.14242017,963.4674957,3.282077759
0.002558589,2.558588504,-19.49764707,44.14360077,1003.746949,3.461097549
0.002537746,2.537745531,-19.49666273,44.14378463,1022.804235,3.545796601
0.002193611,2.193610985,-19.49611343,44.14399978,1035.885405,3.603935134
0.002528916,2.528916153,-19.49784801,44.14393563,1007.967348,3.479854882
0.002751701,2.751700942,-19.49707137,44.14356322,1011.767988,3.496746612
0.001634659,1.634659198,-19.49652195,44.14365006,1022.113673,3.542727435
0.003034182,3.034181896,-19.49975316,44.14328704,965.1778523,3.289679344
0.002679187,2.679187427,-19.49943653,44.14284265,960.1286541,3.267238463
0.002523159,2.523159165,-19.50061669,44.14226369,929.7058852,3.132026156
0.002071138,2.071137967,-19.55791046,44.14344586,934.9091494,3.155151775
0.002504088,2.504087771,-19.54977468,44.1357199,642.0958924,1.853759522
0.005305882,5.305881755,-19.55651427,44.1359374,752.5559213,2.344692984
0.001638873,1.638872518,-19.55821114,44.1357066,776.9183272,2.452970343
0.002328015,2.328015446,-19.59970015,44.13163356,1557.242269,5.921076752
0.003235522,3.23552234,-19.55844538,44.13346275,741.4481408,2.29532507
0.001886974,1.886974235,-19.55633378,44.13230327,683.7529428,2.038901968
0.002302028,2.302027529,-19.5395383,44.13178455,413.1855937,0.836380417
0.002949371,2.949371407,-19.53968929,44.13211706,423.5579336,0.882479705
0.002452692,2.452692296,-19.53468641,44.131747,370.4410265,0.646404562
0.001797474,1.79747421,-19.53459908,44.1316672,367.5938463,0.633750428
0.002628317,2.62831731,-19.53503193,44.13173214,372.1504448,0.654001977
0.002261551,2.26155144,-19.52749903,44.13130652,347.066577,0.54251812
0.001381203,1.381203052,-19.51459748,44.13407066,542.4988495,1.411105998
0.002502317,2.502317235,-19.5152753,44.13132999,469.7426574,1.087745144
0.002540192,2.540192371,-19.51513559,44.13204509,487.8291251,1.168129445
0.002472769,2.472768809,-19.45364049,44.13451192,1718.909984,6.639599928
0.002232879,2.232879331,-19.45347698,44.13450722,1722.313699,6.654727553
0.002133495,2.133494855,-19.51444157,44.13059143,466.6216943,1.073874197
0.001950323,1.950323232,-19.52014442,44.12964241,362.5636775,0.611394122
0.002276325,2.2763253,-19.51717701,44.12850562,379.9513122,0.688672498
0.004201088,4.201088213,-19.51892649,44.12935684,372.2065472,0.654251321
0.002134273,2.134273354,-19.52704876,44.13050928,325.0119505,0.444497558
0.002370852,2.37085174,-19.5247055,44.12768099,259.8064187,0.154695194
0.004173142,4.17314217,-19.52768417,44.12825604,255.3165934,0.134740415
0.002524413,2.524413169,-19.52767091,44.12960407,295.5393666,0.313508296
0.00243953,2.439529994,-19.53804122,44.12824196,305.0508226,0.355781434
0.001913528,1.913527852,-19.53746148,44.12898287,317.0624986,0.409166661
0.002630042,2.630042109,-19.53691104,44.128986,311.1810654,0.383026957
0.002511156,2.51115553,-19.53704415,44.12906502,314.6812848,0.398583488
0.001952383,1.952383454,-19.54360769,44.12880292,398.640497,0.771735542
0.00253798,2.537980251,-19.55887175,44.13028396,701.3996424,2.117331744
0.002493886,2.493886014,-19.55916431,44.12887959,689.4033963,2.064015095
0.002237348,2.237347818,-19.5597969,44.13122046,732.2352372,2.254378832
0.004684452,4.684451684,-19.58627638,44.12467824,1232.913773,4.479616769
0.00440402,4.404020113,-19.58461558,44.12566481,1200.918431,4.337415249
0.001996037,1.996037332,-19.53904425,44.12708561,291.3467371,0.294874387
0.002144773,2.144773075,-19.53561355,44.12538472,203.8957081,-0.093796853
0.001701601,1.701601417,-19.53462705,44.12531431,189.99067,-0.155597022
0.00262979,2.629790175,-19.53305245,44.1262336,200.3154638,-0.10970905
0.002276024,2.276023998,-19.53317574,44.12562257,183.9339047,-0.182515979
0.005314309,5.314309082,-19.52769643,44.12549817,174.0600571,-0.226399746
0.003965726,3.965726337,-19.5283842,44.12478386,149.2313563,-0.336749528
0.005952104,5.95210431,-19.53388215,44.12501388,173.9041389,-0.227092716
0.002675996,2.675995508,-19.52564968,44.12560457,194.5062867,-0.135527614
0.002405931,2.40593135,-19.52382742,44.12492469,200.8361311,-0.107394973
0.002723527,2.723526536,-19.52415854,44.12706683,249.1173589,0.107188262
0.002757761,2.757760955,-19.52410318,44.12645892,234.1161293,0.04051613
0.003506729,3.506729084,-19.52281587,44.12562726,231.4034313,0.028459695
0.004825827,4.82582682,-19.52596639,44.12603801,203.0099447,-0.097733579
0.002177603,2.177602898,-19.52466015,44.12722252,247.8868921,0.10171952
0.003179281,3.179281405,-19.52346787,44.12578452,225.7461643,0.003316286
0.001598862,1.598862182,-19.52340385,44.1259848,231.3565459,0.028251315
0.001879207,1.879206685,-19.52325627,44.12490278,208.8809319,-0.071640302
0.006184837,6.184837067,-19.52068958,44.1249685,252.4742414,0.122107739
0.002889949,2.889949432,-19.52105304,44.12534169,253.2519229,0.125564102
0.003296298,3.296298094,-19.52079925,44.12546453,259.880159,0.155022929
0.008351678,8.351677704,-19.52040029,44.12462582,251.6202178,0.118312079
0.002922748,2.922747656,-19.5204185,44.12439737,247.4930803,0.099969246
0.002215252,2.215252,-19.52125447,44.1243958,232.3445081,0.032642258
0.00267734,2.677340411,-19.5228577,44.12592613,237.5649026,0.055844012
0.002529971,2.529970597,-19.51567281,44.12679769,373.744268,0.661085636
0.003396416,3.396416305,-19.51504278,44.12677266,384.8513006,0.710450225
0.0027303,2.730299758,-19.51961582,44.12321128,246.068985,0.093639933
0.002313999,2.313999343,-19.51705332,44.12142825,285.0706279,0.266980569
0.002845416,2.845415668,-19.51702185,44.1223671,291.4195912,0.295198183
0.002351677,2.351677412,-19.51834698,44.12306341,270.0754891,0.200335507
0.003201041,3.201040847,-19.51855864,44.12404921,277.6126204,0.233833868
0.002151203,2.151203264,-19.51850017,44.12351641,272.029231,0.209018804
0.003342306,3.342306401,-19.52665482,44.12352502,129.3068465,-0.425302904
0.002409709,2.409708799,-19.5288433,44.12422211,130.45098,-0.420217867
0.002827122,2.82712161,-19.52864421,44.12228573,75.31557323,-0.665264119
0.003299589,3.29958915,-19.58677132,44.1242847,1242.314107,4.52139603
0.004788543,4.788543373,-19.53245715,44.11984707,53.67718732,-0.761434723
0.002516966,2.516965925,-19.53577475,44.11993391,125.6954095,-0.441353736
0.002131493,2.131493145,-19.53200009,44.12097525,52.62048697,-0.766131169
0.002589175,2.589174614,-19.53281714,44.1193706,64.21199314,-0.714613364
0.007047818,7.047817527,-19.53072774,44.1185272,47.37583011,-0.789440755
0.00625774,6.257739898,-19.53070887,44.11830422,53.67475619,-0.761445528
0.002830166,2.830166494,-19.53091564,44.11811645,60.47970903,-0.731201293
0.00328295,3.282949674,-19.53098197,44.118021,63.68880079,-0.716938663
0.002943972,2.943971733,-19.53102208,44.11929784,30.78871375,-0.863161272
0.007164711,7.164711254,-19.52821435,44.11906078,48.17731576,-0.785878597
0.004969278,4.96927802,-19.52812726,44.11985724,40.98683577,-0.817836285
0.002329413,2.329412595,-19.52887662,44.11955994,27.85207121,-0.876213017
0.005028941,5.028941029,-19.52992749,44.1183144,51.12576639,-0.772774372
0.002293794,2.293794444,-19.52828438,44.1177949,76.57151094,-0.659682174
0.003079233,3.079232747,-19.52889725,44.11806247,63.45285293,-0.71798732
0.005369467,5.36946677,-19.52559919,44.12009978,95.82511685,-0.574110592
0.003418511,3.418510962,-19.53041462,44.11830422,52.19570717,-0.768019079
0.002363393,2.363392727,-19.52905815,44.1185272,49.13037617,-0.781642773
0.003760288,3.760288323,-19.52676531,44.11935104,73.09632026,-0.675127466
0.00315943,3.159430337,-19.52618296,44.11908347,87.59699357,-0.610680029
0.002647362,2.647361537,-19.52934708,44.11789504,65.37766393,-0.709432605
0.003105839,3.105839138,-19.52339808,44.11803743,155.515601,-0.308819551
0.003909071,3.909071114,-19.52299151,44.11798423,164.3190463,-0.269693127
0.002806004,2.806003882,-19.52477433,44.11792008,130.0418139,-0.422036382
0.003729119,3.729118509,-19.52475405,44.11821738,126.3169621,-0.438591279
0.002691412,2.691411694,-19.52585667,44.11803587,108.0613142,-0.519727492
0.002230487,2.230486585,-19.52370892,44.11821425,147.2330716,-0.345630793
0.002312538,2.312537699,-19.52596596,44.11824789,102.6144769,-0.543935658
0.002926154,2.926153754,-19.51922123,44.1191132,236.122345,0.049432644
0.002196205,2.196205197,-19.5191145,44.12079374,238.1253195,0.058334753
0.002831642,2.831641504,-19.51905053,44.12104489,240.3941658,0.068418515
0.001374824,1.374824383,-19.51805845,44.11916093,261.1350332,0.160600148
0.002647654,2.647653878,-19.52001449,44.12063101,218.1599463,-0.030400239
0.002726435,2.726434818,-19.51720819,44.12067639,279.1485665,0.240660295
0.002245557,2.245557201,-19.51564185,44.11879556,314.6145535,0.398286905
0.002744119,2.74411943,-19.51443052,44.1192243,339.6655161,0.509624516
0.002125815,2.12581451,-19.51661258,44.12108948,293.2221437,0.303209527
0.004008426,4.008426333,-19.51803815,44.11534215,296.1733677,0.316326079
0.003672317,3.672316945,-19.51642046,44.11748351,305.2340363,0.356595717
0.002990577,2.990577082,-19.51679153,44.11705712,300.9975555,0.337766913
0.002561438,2.561438479,-19.51826838,44.11638271,277.8841228,0.235040546
0.001815774,1.81577382,-19.51615314,44.11723159,312.8333729,0.390370546
0.002729798,2.729798219,-19.51691083,44.11661821,302.7628612,0.345612717
0.001860182,1.860182218,-19.51825163,44.11607758,281.9940283,0.253306792
0.002390347,2.390347058,-19.51803242,44.11595475,287.8937337,0.279527705
0.001714083,1.714083469,-19.51799532,44.11756566,271.4937702,0.206638979
0.002517805,2.517804915,-19.51746375,44.11526391,308.3178914,0.37030174
0.002665877,2.665876767,-19.5156382,44.11679815,327.2983459,0.454659315
0.002594193,2.594192645,-19.51747335,44.11593754,299.1617596,0.329607821
0.003313815,3.313815445,-19.51984668,44.11581158,254.864389,0.132730618
0.002899118,2.899117515,-19.52052963,44.11477023,260.0426589,0.155745151
0.004345709,4.345708503,-19.52231841,44.1167074,194.7161959,-0.134594685
0.003048911,3.048910514,-19.51948366,44.11490011,276.2100559,0.227600248
0.002658423,2.658423239,-19.51943342,44.11482344,278.4203381,0.237423725
0.002038305,2.038304853,-19.52344507,44.1150425,207.2230309,-0.079008751
0.002914382,2.914381905,-19.52528925,44.11526939,176.2942173,-0.216470146
0.003198851,3.198850747,-19.52683934,44.11558703,150.434433,-0.33140252
0.005388101,5.388101078,-19.52796229,44.11739354,90.61306847,-0.597275251
0.00271567,2.715669881,-19.52777691,44.11657987,114.4192899,-0.491469823
0.00311368,3.113679904,-19.52866694,44.11637176,113.7571436,-0.494412695
0.00305031,3.050310227,-19.52777882,44.11713223,99.47664078,-0.557881597
0.004281243,4.28124348,-19.52727976,44.11495644,163.9645369,-0.271268725
0.003670587,3.67058705,-19.52544135,44.11645547,146.2560191,-0.349973249
0.003152919,3.152918552,-19.52836135,44.1175242,83.09937398,-0.630669449
0.002323283,2.323283463,-19.52885043,44.11736224,83.7897477,-0.627601121
0.0039182,3.918199941,-19.52770849,44.11674026,110.6950976,-0.508021789
0.002558015,2.558015099,-19.52589401,44.11523888,169.7647638,-0.245489939
0.004796183,4.796182972,-19.52906273,44.11650711,107.8387156,-0.52071682
0.003102529,3.102529079,-19.52801519,44.11559329,140.4058435,-0.375974029
0.002386168,2.386168189,-19.52752818,44.11492984,162.8516215,-0.276215016
0.002327345,2.32734524,-19.52718909,44.11702191,109.0596244,-0.515290558
0.004920241,4.920241257,-19.53078402,44.116148,118.0188169,-0.475471925
0.004969355,4.969355119,-19.52948671,44.11582644,127.0193553,-0.435469532
0.002937247,2.937246709,-19.53089934,44.11460281,164.7899456,-0.267600242
0.004203473,4.203473325,-19.52886419,44.11637332,112.6924029,-0.499144876
0.003129415,3.129415232,-19.53069422,44.11727853,83.87711947,-0.627212802
0.005558227,5.558227494,-19.52657673,44.11611747,139.3028151,-0.380876378
0.003931011,3.931010509,-19.52678639,44.11488632,170.0757152,-0.244107932
0.005585247,5.585247402,-19.52885534,44.11438024,172.1824659,-0.234744596
0.004177167,4.17716719,-19.52867691,44.11452683,168.4068941,-0.251524915
0.002348652,2.348652138,-19.52504827,44.11474758,192.2768919,-0.145436036
0.003115628,3.115628075,-19.52306955,44.11462979,221.9409973,-0.013595568
0.002304801,2.304801457,-19.52297462,44.11453294,225.4996733,0.00222077
0.005979187,5.979187033,-19.51703623,44.11429561,330.9332082,0.470814259
0.003764206,3.764206194,-19.51899879,44.11415775,297.8264138,0.32367295
0.002406966,2.406965764,-19.5222285,44.11285242,274.8897129,0.221732058
0.002807306,2.807306247,-19.52183175,44.11244058,290.0469289,0.289097462
0.002815532,2.815531654,-19.52154889,44.11266395,288.61041,0.282712933
0.001724004,1.724003573,-19.52199981,44.11357489,261.266604,0.161184906
0.001763629,1.763628786,-19.52251381,44.11351643,255.310007,0.134711142
0.002764401,2.764400584,-19.52198758,44.1143942,243.501727,0.082229898
0.002471945,2.471945074,-19.52293525,44.11419003,233.8099883,0.039155504
0.005111944,5.111943798,-19.52404943,44.11314909,244.7669704,0.087853202
0.002584638,2.584638361,-19.52349165,44.11404344,229.5101981,0.020045325
0.005085114,5.085113767,-19.52339121,44.1126212,265.9529878,0.182013279
0.002129465,2.12946487,-19.52375364,44.11453381,214.3449577,-0.047355744
0.002064558,2.064557878,-19.52312618,44.11168845,293.044265,0.302418956
0.002447123,2.447123184,-19.52803339,44.11330266,207.5017936,-0.077769806
0.003355599,3.355598711,-19.52828466,44.11310284,212.4035989,-0.055984005
0.002006593,2.006592699,-19.52774602,44.11373805,196.0756588,-0.128552628
0.002924808,2.924807784,-19.52733652,44.11378255,197.2033305,-0.123540754
0.00292894,2.928939982,-19.52836702,44.11372671,193.4758495,-0.140107335
0.002082621,2.082621351,-19.52759892,44.11452945,173.8857983,-0.22717423
0.002825588,2.82558816,-19.52782102,44.11350421,202.5587761,-0.099738773
0.002889731,2.88973112,-19.52974031,44.11452334,166.1285923,-0.261650701
0.002549682,2.549682002,-19.53027864,44.11448582,167.2798367,-0.256534059
0.002348809,2.348808912,-19.52794248,44.11427467,179.2550346,-0.203310958
0.002420632,2.420631997,-19.52730105,44.11363073,201.8305543,-0.102975314
0.002155344,2.155344149,-19.53025655,44.11434185,171.6253513,-0.237220661
0.002681365,2.681364886,-19.53736607,44.11132984,307.8843682,0.36837497
0.002077858,2.077858185,-19.58528207,44.11412721,1216.298997,4.405773321
0.002422585,2.42258524,-19.53090055,44.10899797,334.1170209,0.484964537
0.002292735,2.292734626,-19.5232893,44.11116915,304.9708193,0.355425863
0.001843681,1.84368131,-19.52340476,44.1111706,303.7365065,0.349940029
0.002458475,2.458475348,-19.51937099,44.11031696,373.7574352,0.661144157
0.002807274,2.807274261,-19.48313043,44.11010537,1063.325212,3.725889832
0.002483532,2.483532197,-19.4835133,44.10882564,1067.01954,3.742309067
0.002765314,2.76531422,-19.48349255,44.10953313,1060.830073,3.714800325
0.002091612,2.091611842,-19.4771421,44.10968582,1192.215039,4.298733505
0.003172867,3.172866924,-19.48031075,44.10960221,1126.515043,4.006733525
0.002555252,2.555252029,-19.48000239,44.11035768,1126.79573,4.00798102
0.001994537,1.994536612,-19.4797513,44.10893835,1143.953523,4.084237879
0.001666979,1.666978749,-19.45628856,44.10861987,1641.057373,6.293588324
0.001951694,1.951693913,-19.4563878,44.10860315,1639.052769,6.284678973
0.002116052,2.116052493,-19.44537073,44.105875,1891.17763,7.405233913
0.002391433,2.391432605,-19.44475101,44.10601679,1903.354398,7.459352879
0.002572802,2.572801593,-19.44871537,44.10554125,1822.754452,7.101130897
0.003059625,3.059625412,-19.44747385,44.10511152,1852.134178,7.231707457
0.003532726,3.532726319,-19.4490982,44.10592662,1811.87516,7.052778487
0.007894919,7.89491943,-19.44797402,44.10468325,1844.808882,7.199150587
0.002345589,2.3455894,-19.4480248,44.10580156,1835.477493,7.157677747
0.001508262,1.508262,-19.44672143,44.10472906,1870.863103,7.314947125
0.0022398,2.239800186,-19.44836506,44.10595716,1827.171467,7.120762076
0.001924853,1.924852926,-19.45051478,44.10552453,1784.886933,6.932830814
0.00377264,3.772640349,-19.44793354,44.10489848,1844.027602,7.195678229
0.003025999,3.025999338,-19.44862815,44.10462363,1831.492784,7.139967928
0.002320741,2.320740867,-19.44756394,44.10491811,1851.674274,7.229663439
0.002512759,2.512759466,-19.44765709,44.10483813,1850.311651,7.223607336
0.008906082,8.906082171,-19.44928227,44.10451965,1818.539787,7.082399053
0.004071079,4.071078959,-19.45307664,44.10524968,1733.025912,6.702337388
0.003084012,3.084012454,-19.45366308,44.10585755,1715.991429,6.626628572
0.002445941,2.445941,-19.45259456,44.10487594,1746.111927,6.760497453
0.002452568,2.452567656,-19.45077614,44.10610622,1775.098026,6.889324558
0.002547148,2.547147903,-19.45288036,44.10603133,1731.194465,6.694197623
0.002168768,2.168768229,-19.45312009,44.10485122,1735.275453,6.712335349
0.002352608,2.352608389,-19.45685409,44.10667556,1642.544934,6.300199708
0.002421852,2.421852078,-19.45668708,44.10695404,1644.013477,6.306726563
0.002638598,2.638597542,-19.4629994,44.10573176,1521.150122,5.760667208
0.002101758,2.101758341,-19.46266698,44.10498864,1534.626566,5.820562516
0.001905744,1.905744494,-19.46235026,44.10558561,1535.957951,5.826479784
0.007448044,7.44804402,-19.4621634,44.1068457,1529.440001,5.797511118
0.002499486,2.499486317,-19.45740014,44.10512551,1643.316066,6.303626959
0.002561051,2.561050517,-19.45753709,44.1051317,1640.398262,6.290658941
0.002332084,2.332083568,-19.46982312,44.10600708,1376.804469,5.119130972
0.00327019,3.270189748,-19.46921224,44.10621406,1387.555061,5.166911382
0.002846048,2.846047512,-19.46923499,44.10575402,1391.353445,5.183793089
0.002772452,2.772451955,-19.46872137,44.10509801,1408.245797,5.258870207
0.008190932,8.190931855,-19.48424264,44.10612879,1081.102263,3.804898949
0.003453298,3.453297985,-19.48420584,44.10557867,1088.435782,3.837492364
0.002795925,2.795925143,-19.48396337,44.10532355,1096.38896,3.872839822
0.002442527,2.442527469,-19.48312236,44.10505881,1116.37866,3.961682935
0.004296554,4.296553674,-19.48473629,44.10760552,1054.429655,3.686354024
0.003782218,3.782217589,-19.48608202,44.106726,1037.172633,3.609656148
0.002699593,2.699592788,-19.48470715,44.10603059,1072.967671,3.768745206
0.002512609,2.512608836,-19.48610495,44.10748278,1028.018677,3.568971899
0.002116809,2.116808621,-19.48815335,44.10661671,997.1178532,3.431634903
0.002804135,2.804134839,-19.53839857,44.10710771,431.4844035,0.91770846
0.003515016,3.515016465,-19.51406191,44.10426937,589.7291179,1.621018302
0.002548847,2.548847383,-19.50960599,44.10189637,705.8910958,2.137293759
0.001909407,1.909407445,-19.50880023,44.10305389,690.5573212,2.06914365
0.00205929,2.059290002,-19.50876661,44.10289989,694.524906,2.08677736
0.00172912,1.729119918,-19.47881862,44.10437784,1210.531636,4.380140603
0.001659326,1.659325503,-19.47868948,44.10437453,1213.158338,4.391814834
0.002066643,2.066642666,-19.4782779,44.10447223,1220.264257,4.423396698
0.002918566,2.918566024,-19.47892049,44.10421313,1210.458453,4.379815348
0.002659367,2.659366844,-19.47867126,44.10402292,1217.726893,4.412119523
0.002462863,2.462863345,-19.47840882,44.10405084,1222.634932,4.433933029
0.002406244,2.406243775,-19.46528015,44.10256752,1504.614727,5.687176562
0.001924161,1.924161059,-19.46593934,44.10398191,1476.520979,5.56231546
0.002815991,2.81599058,-19.4576473,44.10346624,1652.719463,6.345419835
0.00954144,9.541440428,-19.45524756,44.10377599,1699.822158,6.554765145
0.009066402,9.066402333,-19.45509806,44.10358578,1704.614444,6.576064194
0.006750799,6.750799242,-19.45476404,44.10413461,1706.798954,6.585773128
0.008502584,8.502583802,-19.45409202,44.10385452,1723.235032,6.658822362
0.001774314,1.774313515,-19.45337768,44.1044749,1732.938209,6.701947595
0.002667722,2.667722221,-19.45080995,44.10345402,1795.207216,6.978698736
0.002495365,2.495365448,-19.45290258,44.10454121,1742.350195,6.743778646
0.002873514,2.873513879,-19.45280294,44.10454819,1744.3822,6.75280978
0.003326135,3.32613453,-19.4499242,44.10379606,1810.881839,7.048363728
0.002478069,2.478069059,-19.4513824,44.10418696,1777.113969,6.898284305
0.005439816,5.439816106,-19.44937504,44.10418696,1819.225676,7.085447448
0.00232865,2.328649618,-19.44852199,44.1039505,1839.030731,7.173469914
0.003424255,3.424254641,-19.44885969,44.10327253,1837.518727,7.166749897
0.002345809,2.34580922,-19.45378426,44.10242355,1742.451438,6.744228615
0.007812289,7.812289323,-19.44779784,44.10432395,1851.292002,7.227964452
0.003672569,3.672568696,-19.44536028,44.10383096,1906.41548,7.472957689
0.002451857,2.451857201,-19.44675527,44.10431871,1873.274014,7.325662284
0.003206895,3.206894565,-19.44731655,44.10347235,1868.18964,7.303065066
0.002642895,2.642895373,-19.44785974,44.10383096,1853.892527,7.239522343
0.002276065,2.276065352,-19.44639165,44.10156759,1903.762328,7.4611659
0.002378999,2.378999347,-19.44735427,44.10386761,1864.213455,7.285393133
0.004011376,4.011375971,-19.44667499,44.10354913,1881.026733,7.360118815
0.002695898,2.695897931,-19.44688012,44.10165222,1892.844024,7.412640108
0.003329549,3.329549138,-19.44616447,44.10190875,1905.482337,7.468810385
0.003185677,3.185676575,-19.44587301,44.1034261,1898.849352,7.439330452
0.002080325,2.080325042,-19.44939686,44.10385539,1821.447576,7.095322558
0.00208139,2.081389827,-19.4486884,44.10354651,1838.828153,7.172569568
0.002740032,2.740031891,-19.44792636,44.10219495,1866.255046,7.29446687
0.002371608,2.371608396,-19.44720366,44.10438677,1863.309189,7.281374172
0.002681499,2.681499185,-19.44752413,44.10189392,1877.290241,7.343512181
0.00665112,6.65111967,-19.44875838,44.10015407,1867.955721,7.302025425
0.002748693,2.748692817,-19.44610093,44.0984308,1939.815597,7.621402652
0.002369086,2.369085633,-19.44716798,44.10073955,1895.210186,7.423156381
0.00225004,2.250040053,-19.44811085,44.10077445,1875.365863,7.334959393
0.002420711,2.420711056,-19.44730168,44.10118192,1888.340161,7.392622937
0.002851764,2.85176358,-19.44844849,44.09980156,1877.805482,7.345802141
0.002972769,2.972769336,-19.44728322,44.09924663,1907.293225,7.476858779
0.002325309,2.325309457,-19.44689916,44.0982816,1925.010482,7.555602143
0.002857419,2.857418965,-19.44758692,44.0988313,1905.26392,7.467839643
0.002895795,2.895794757,-19.45733287,44.1002771,1691.003213,6.515569837
0.004075379,4.075378867,-19.45947884,44.1009699,1639.876921,6.288341871
0.003144498,3.144497688,-19.45918343,44.10049611,1650.992953,6.337746458
0.002618105,2.618105327,-19.45875958,44.10111561,1653.00448,6.346686579
0.004533164,4.533164409,-19.46290187,44.09845698,1599.936066,6.110826958
0.00776891,7.768909849,-19.46206701,44.09802769,1621.849573,6.208220326
0.002409488,2.409487577,-19.46068255,44.09980854,1628.297276,6.236876782
0.002659761,2.659760564,-19.46100101,44.10017327,1617.730653,6.189914014
0.004035964,4.035963877,-19.46466895,44.09961658,1550.544906,5.891310695
0.003243834,3.24383426,-19.46602212,44.09878767,1533.948846,5.817550427
0.00242872,2.428719597,-19.46584277,44.09988184,1523.905603,5.772913791
0.002578194,2.578194025,-19.46823346,44.09887231,1489.278129,5.619013905
0.002446017,2.446017095,-19.46778863,44.09858175,1501.815858,5.674737146
0.00395597,3.955969877,-19.4641193,44.09848141,1575.473999,6.002106664
0.002531894,2.531894116,-19.46616972,44.10011044,1514.611593,5.731607081
0.003013432,3.013431737,-19.46780699,44.09887929,1497.573497,5.655882209
0.002583371,2.583371386,-19.46841106,44.09931905,1479.99617,5.577760757
0.001905169,1.905169105,-19.48336079,44.10128401,1163.001275,4.168894556
0.001862405,1.862404873,-19.51031866,44.10088264,720.7163582,2.203183814
0.002265057,2.265056917,-19.4669633,44.09782613,1527.981821,5.791030315
0.003502509,3.502509155,-19.46388424,44.09708098,1598.144212,6.102863165
0.001720365,1.72036504,-19.46556677,44.09662813,1571.390008,5.983955591
0.002958903,2.95890289,-19.46475085,44.09499211,1610.032687,6.155700831
0.002717555,2.71755521,-19.46470501,44.09578264,1599.765231,6.110067691
0.002277346,2.277346148,-19.46480871,44.09679129,1583.930921,6.039692981
0.002048014,2.04801397,-19.46402352,44.09600077,1609.958155,6.155369577
0.00276485,2.764850076,-19.46276231,44.09572679,1638.213227,6.280947675
0.002831166,2.83116557,-19.4646169,44.097163,1582.707032,6.034253476
0.002319649,2.319649438,-19.46566624,44.09626428,1574.472193,5.99765419
0.002646277,2.646276874,-19.46363161,44.09729737,1600.263392,6.112281742
0.002409701,2.409701162,-19.46336735,44.09572767,1626.444993,6.228644413
0.001677026,1.677026056,-19.46370388,44.09572767,1619.915245,6.199623311
0.002583149,2.58314919,-19.46279184,44.09671364,1624.404168,6.21957408
0.007670665,7.670664859,-19.4595489,44.09603131,1697.021987,6.542319941
0.003710369,3.710369287,-19.45975897,44.09570673,1697.141391,6.542850628
0.002225148,2.225147822,-19.46028563,44.09743087,1664.642709,6.398412041
0.003638525,3.638525458,-19.46222826,44.09712635,1630.095354,6.24486824
0.005239247,5.239246525,-19.45963926,44.09739597,1677.91165,6.457385111
0.007179088,7.179088464,-19.46024235,44.09520152,1694.413434,6.530726374
0.002632362,2.632361963,-19.45973826,44.09552611,1699.932513,6.555255613
0.003538112,3.538112234,-19.45911984,44.09547027,1712.789503,6.612397791
0.002473556,2.473555705,-19.45926852,44.09686721,1691.869145,6.519418424
0.004405638,4.405638463,-19.45734427,44.09772666,1719.667563,6.642966947
0.002398133,2.398133318,-19.45980801,44.0970103,1679.382333,6.463921481
0.003251588,3.251588203,-19.45859169,44.0965592,1709.15289,6.596235065
0.003924772,3.924772113,-19.46111257,44.09613602,1664.942949,6.39974644
0.003037887,3.037886771,-19.45864101,44.0950148,1728.197625,6.680878332
0.002865708,2.865708414,-19.45847741,44.09633234,1714.285502,6.619046675
0.002579482,2.579481966,-19.45865477,44.09627126,1711.558034,6.606924595
0.00891689,8.916890011,-19.45929052,44.09479725,1718.42545,6.637446445
0.005389102,5.389102066,-19.45937342,44.09444241,1721.627706,6.651678692
0.002772415,2.77241504,-19.45911638,44.09603218,1705.523803,6.580105793
0.002624917,2.62491733,-19.45574965,44.09557061,1777.891366,6.901739406
0.002124507,2.124506671,-19.45642386,44.09530536,1767.953031,6.857569028
0.002825612,2.825611988,-19.46157045,44.09573028,1661.386766,6.383941182
0.002490357,2.490357349,-19.46056486,44.09767278,1656.089824,6.360399216
0.0071524,7.152400387,-19.46133522,44.09787085,1638.329368,6.281463857
0.002384914,2.384914277,-19.46304042,44.09622349,1626.070429,6.226979683
0.003096817,3.09681662,-19.45442759,44.09597045,1799.146685,6.996207491
0.002488386,2.488385893,-19.45393917,44.09593119,1809.353354,7.041570464
0.0020433,2.0433002,-19.45413712,44.09554203,1810.216609,7.045407153
0.002448526,2.448525792,-19.4560664,44.09541551,1773.59797,6.882657645
0.001890504,1.890503513,-19.45443336,44.09473668,1814.515616,7.06451385
0.004006782,4.006782428,-19.45163792,44.09516946,1864.516106,7.286738248
0.004400946,4.400946325,-19.44956643,44.09486407,1909.537244,7.486832197
0.004734288,4.734288228,-19.45032611,44.09690843,1870.287792,7.312390186
0.00583226,5.832260224,-19.44904764,44.09478816,1920.812954,7.536946461
0.003088728,3.088727613,-19.44902121,44.09669641,1899.042523,7.440188992
0.003955574,3.955573511,-19.44636758,44.09521396,1969.504841,7.753354849
0.006612597,6.612597006,-19.4445939,44.0966218,1989.62742,7.842788534
0.002244148,2.244147583,-19.44736762,44.09644119,1935.346128,7.601538346
0.005272243,5.272242687,-19.44469826,44.09506257,2004.870516,7.910535627
0.005434839,5.434839133,-19.44867932,44.09341085,1945.119529,7.644975682
0.002829467,2.829467285,-19.4475519,44.09338991,1967.741917,7.745519629
0.002355461,2.35546084,-19.44649137,44.09399545,1981.43735,7.806388222
0.003083718,3.08371792,-19.44510641,44.09429473,2005.585364,7.913712727
0.002666411,2.666410902,-19.44788715,44.09291088,1967.112968,7.742724301
0.002753365,2.753364761,-19.44767093,44.0931264,1968.675123,7.749667211
0.002811119,2.811118998,-19.44532871,44.09405042,2004.026712,7.906785388
0.003264301,3.264300805,-19.44837057,44.09218406,1966.911206,7.741827584
0.002089652,2.08965201,-19.44973729,44.09216486,1940.327739,7.62367884
0.002109552,2.109552081,-19.44718864,44.09330266,1976.040359,7.782401597
0.002662858,2.662858375,-19.44822,44.09275906,1962.4657,7.722069776
0.009822601,9.822600839,-19.45145429,44.09425285,1879.55508,7.353578132
0.004922359,4.922358551,-19.45125136,44.09404344,1886.216941,7.383186405
0.010640266,10.64026643,-19.45300912,44.09310808,1863.751655,7.283340688
0.011885718,11.88571842,-19.45458002,44.09333668,1829.986954,7.133275353
0.008003879,8.0038792,-19.4551132,44.09270845,1828.12964,7.125020623
0.003939388,3.939387637,-19.45412159,44.09158986,1862.852528,7.279344568
0.004469019,4.469019289,-19.45470967,44.09196156,1846.291002,7.205737787
0.002940318,2.940317902,-19.45308968,44.09478249,1840.495595,7.179980424
0.002436613,2.436613463,-19.45358038,44.09425547,1837.520133,7.166756145
0.005278105,5.278104957,-19.45479753,44.09351381,1823.366957,7.103853143
0.00268062,2.680620446,-19.45513186,44.09440817,1805.005402,7.02224623
0.003273415,3.273415263,-19.45290251,44.09448844,1847.919464,7.212975395
0.003543357,3.543356623,-19.45642133,44.09166926,1817.469713,7.077643168
0.002767082,2.767081956,-19.45567942,44.09302955,1812.731559,7.056584706
0.002086995,2.086994682,-19.4568187,44.09205928,1804.265023,7.018955656
0.001978398,1.978398286,-19.45593301,44.09186383,1824.076624,7.107007218
0.002512446,2.512446041,-19.45758199,44.09324943,1772.804128,6.87912946
0.002739888,2.739887999,-19.45585764,44.09168147,1828.119021,7.124973428
0.003130623,3.130623038,-19.45885563,44.09462805,1729.187837,6.685279277
0.004724278,4.724277503,-19.45267493,44.09263865,1876.549508,7.340220034
0.003031123,3.031123322,-19.45337084,44.09171986,1875.552387,7.335788387
0.002071191,2.071191012,-19.45772391,44.09250951,1780.455225,6.913134333
0.005592438,5.592438307,-19.46174344,44.09451113,1674.754436,6.44335305
0.006788422,6.78842249,-19.46176274,44.09414553,1679.529539,6.464575728
0.002998275,2.99827544,-19.46238314,44.09302955,1683.776457,6.48345092
0.003620888,3.620888153,-19.4614223,44.0934126,1696.538985,6.540173267
0.002896607,2.896606755,-19.45967172,44.09362724,1727.141328,6.676183678
0.003851507,3.851506632,-19.46224126,44.09372846,1676.299174,6.450218551
0.002898936,2.898935689,-19.46128708,44.09237514,1714.284946,6.619044207
0.003512636,3.512635716,-19.45971757,44.09269973,1739.469029,6.730973464
0.003271869,3.271869069,-19.45965001,44.09410539,1720.893921,6.648417425
0.002671141,2.671141016,-19.4609097,44.09365342,1702.926685,6.568563045
0.002253759,2.253758847,-19.46039055,44.0924973,1729.550358,6.686890478
0.0024101,2.410100221,-19.46058068,44.09425809,1700.759763,6.55893228
0.002995739,2.995738821,-19.46143432,44.09304438,1701.645511,6.562868936
0.002571613,2.571613478,-19.46286248,44.09163785,1695.676848,6.536341546
0.003459527,3.459526554,-19.46359707,44.09368919,1650.964222,6.337618765
0.002576888,2.57688825,-19.46374985,44.09295364,1658.968403,6.373192904
0.003126992,3.126992223,-19.46459568,44.09361852,1633.014263,6.257841168
0.002788677,2.788677485,-19.58334119,44.08832393,1506.846734,5.697096597
0.002611199,2.611198713,-19.57959793,44.08913976,1428.660332,5.349601475
0.003464975,3.464975319,-19.46198859,44.09054193,1729.036404,6.684606238
0.0025344,2.534399861,-19.46096983,44.09191357,1727.174623,6.676331656
0.002704353,2.704353141,-19.4604596,44.08844085,1790.849722,6.959332098
0.001945962,1.945962465,-19.46035132,44.09146857,1745.552247,6.758009989
0.002907867,2.90786714,-19.45671592,44.08947743,1844.27394,7.196773068
0.00292799,2.927989705,-19.45637136,44.09109861,1826.66991,7.118532933
0.001711949,1.711948904,-19.45996287,44.09237863,1739.443169,6.730858527
0.002432311,2.432310875,-19.45763134,44.09171725,1793.602713,6.971567614
0.00309137,3.091369502,-19.45697383,44.09077839,1819.882574,7.088366994
0.003802377,3.802376598,-19.45586224,44.09069812,1842.231237,7.187694385
0.003447502,3.447502417,-19.4560581,44.09170241,1823.968652,7.106527343
0.002954382,2.954381889,-19.4565296,44.09219191,1807.944169,7.035307417
0.003610966,3.610965575,-19.45482582,44.09003324,1871.736657,7.318829588
0.002081855,2.081855019,-19.45310832,44.09119285,1887.980938,7.391026391
0.003813792,3.813792287,-19.45349227,44.0914424,1877.070284,7.342534598
0.002283567,2.28356677,-19.45117289,44.09023742,1938.755222,7.616689878
0.002036531,2.03653123,-19.4524388,44.09055328,1909.908218,7.488480968
0.002154927,2.15492721,-19.45197366,44.09123473,1909.333096,7.485924871
0.002033857,2.033857383,-19.45187891,44.09124084,1911.083795,7.493705756
0.002022027,2.022027047,-19.44507816,44.09078275,2049.909079,8.110707018
0.002118714,2.118713539,-19.44496518,44.09077839,2052.184517,8.120820076
0.00296497,2.964969846,-19.4554903,44.08531541,1933.082053,7.591475793
0.002627811,2.627811079,-19.4573172,44.08515399,1902.547061,7.455764717
0.002495381,2.495381281,-19.4627242,44.08588605,1792.932795,6.968590198
0.002267919,2.267918843,-19.46258478,44.0866059,1782.924079,6.924107018
0.002128273,2.128273202,-19.46275367,44.08670886,1778.124236,6.902774383
0.002266361,2.266360835,-19.46283767,44.08716171,1768.851525,6.861562334
0.003010766,3.010765756,-19.56709016,44.08567141,1317.220917,4.854315188
0.002617837,2.617837403,-19.56742181,44.08512083,1334.844387,4.932641721
0.002255273,2.255272832,-19.56746097,44.08525433,1332.161792,4.920719074
0.002289692,2.289692297,-19.57153625,44.08520372,1389.412285,5.175165711
0.002353788,2.353787517,-19.57189276,44.08601257,1376.015123,5.115622767
0.00219053,2.190530054,-19.57108185,44.08625426,1358.852523,5.039344548
0.005065127,5.065127231,-19.59173324,44.08513305,1709.822597,6.599211542
0.003192746,3.192745819,-19.59086814,44.08504405,1696.744005,6.541084465
0.005661162,5.661161736,-19.59379882,44.08711342,1709.677673,6.598567434
0.002436865,2.436864527,-19.59350332,44.08709196,1704.836814,6.577052506
0.003539105,3.539105275,-19.5934859,44.08677603,1710.155849,6.600692664
0.00360785,3.60784988,-19.59409499,44.08548489,1744.100599,6.751558216
0.004210247,4.210246989,-19.59434044,44.0860476,1738.217062,6.725409163
0.002720578,2.720577559,-19.59575047,44.0857579,1768.190925,6.858626332
0.002693798,2.693798323,-19.59586265,44.08612867,1763.596474,6.838206552
0.003000235,3.000235362,-19.59205491,44.08667231,1686.962277,6.497610122
0.003352221,3.352221415,-19.59319954,44.08579486,1722.869035,6.657195713
0.003564962,3.564961667,-19.59494255,44.08716826,1729.007193,6.684476414
0.002726274,2.726273918,-19.59303422,44.086689,1703.782449,6.57236644
0.002215728,2.215728327,-19.59322323,44.08725052,1697.077891,6.542568404
0.002514289,2.514289016,-19.59190901,44.08673431,1683.292596,6.481300429
0.002323705,2.323704861,-19.59216829,44.08687021,1685.355209,6.490467597
0.002312063,2.312063122,-19.59507124,44.08750804,1725.394044,6.668417975
0.00372415,3.724149889,-19.59143543,44.08586997,1690.962841,6.515390404
0.003459782,3.459782063,-19.59830532,44.08408883,1842.95818,7.190925246
0.002578142,2.578141822,-19.59624342,44.08198939,1846.001392,7.204450632
0.002266043,2.266042501,-19.59790045,44.08163769,1880.896896,7.359541762
0.002667407,2.667407358,-19.59890202,44.08379436,1858.716324,7.260961441
0.002636952,2.636951595,-19.59947745,44.0842319,1861.076538,7.27145128
0.003042341,3.042340515,-19.59594451,44.08192501,1842.145062,7.187311385
0.001883676,1.883676003,-19.5954241,44.08156616,1840.201582,7.178673697
0.002069789,2.069789124,-19.59159694,44.08477554,1714.225125,6.618778332
0.002607763,2.607763293,-19.59027174,44.08513677,1684.858221,6.488258762
0.002581848,2.581847622,-19.58926864,44.08422951,1685.479216,6.491018736
0.002130655,2.13065519,-19.59011058,44.08179864,1747.516099,6.766738217
0.002266695,2.266695488,-19.590281,44.08159477,1754.393529,6.797304572
0.002958439,2.958439479,-19.59112675,44.08263555,1747.58506,6.767044713
0.004342031,4.342030923,-19.59103569,44.08272378,1744.341343,6.75262819
0.00207334,2.073339728,-19.59088535,44.0842927,1711.359794,6.606043529
0.001800878,1.800878183,-19.58992468,44.0837574,1705.626289,6.580561284
0.002573899,2.573898933,-19.57196824,44.08436065,1414.974058,5.288773593
0.002597206,2.597206184,-19.57166312,44.08448226,1407.871982,5.257208809
0.00275985,2.759850228,-19.57388815,44.08200012,1496.68742,5.651944089
0.002732812,2.732812363,-19.5746541,44.08164603,1515.608761,5.736038937
0.002418046,2.418045931,-19.57468504,44.08284419,1488.357999,5.614924441
0.002780882,2.780881814,-19.57138969,44.08466824,1399.724042,5.220995741
0.002106474,2.106474018,-19.57511292,44.08343671,1480.96766,5.582078488
0.002159219,2.159218681,-19.57472607,44.08336994,1476.917563,5.564078056
0.0020889,2.088899684,-19.56633563,44.08455736,1334.265496,4.930068872
0.003215052,3.215051725,-19.56702996,44.08404949,1355.63159,5.025029291
0.002465045,2.465045208,-19.56595689,44.08518326,1314.102153,4.840454014
0.003458433,3.458432813,-19.56570664,44.0822314,1383.950714,5.150892064
0.002204494,2.204493612,-19.5668849,44.08451325,1342.460894,4.966492861
0.001855115,1.855115208,-19.56701271,44.08452041,1343.953495,4.973126643
0.004295232,4.295232291,-19.5335521,44.12143179,88.65831444,-0.605963047
0.001523891,1.52389095,-19.51718168,44.12327884,296.1460627,0.316204723
0.003436878,3.436878227,-19.51437835,44.12604043,386.1494006,0.716219558
0.002659799,2.659799398,-19.52235308,44.12490613,223.1977685,-0.008009918
0.002102161,2.102160652,-19.52311829,44.12449778,202.540425,-0.099820333
0.002387751,2.387751392,-19.52188078,44.12529877,238.8020178,0.061342301
0.001693542,1.693541747,-19.52345707,44.12683008,251.2965485,0.116873549
0.002209206,2.209205696,-19.52247672,44.12683532,264.0958127,0.173759168
0.002059734,2.059734205,-19.52882422,44.12883169,268.964653,0.195398458
0.002391205,2.391204683,-19.53215722,44.12505068,160.1536592,-0.288205959
0.001800222,1.800221964,-19.53442573,44.12473583,172.8874313,-0.231611416
0.002648379,2.648378741,-19.53274451,44.12426612,142.4589374,-0.366849167
0.002959776,2.95977623,-19.52955192,44.12679038,206.0904803,-0.08404231
0.00251368,2.513680178,-19.53504399,44.12231773,130.3355881,-0.42073072
0.003270597,3.270597229,-19.5350879,44.12165809,121.6052003,-0.459532443
0.00286064,2.860639829,-19.54301237,44.12317369,299.0871459,0.329276204
0.002009832,2.009832091,-19.54326268,44.12312483,303.7849981,0.350155547
0.002512693,2.512692805,-19.54344925,44.115833,318.8114466,0.416939763
0.001978568,1.978567647,-19.52568585,44.11245176,247.3506701,0.099336312
0.005146464,5.146464024,-19.52187138,44.11135599,316.1864358,0.405273048
0.001774697,1.774697428,-19.52583393,44.112603,241.8884889,0.075059951
0.002257725,2.257724606,-19.52428558,44.11269607,253.9676358,0.128745048
0.002557908,2.557907857,-19.5233876,44.11292293,258.349814,0.148221396
0.002440347,2.440346878,-19.52537153,44.11429791,200.0771254,-0.110768331
0.002162115,2.16211493,-19.52214921,44.1123296,288.5683556,0.282526025
0.001999279,1.999278662,-19.52460149,44.11314461,238.7451339,0.061089484
0.002187914,2.187914221,-19.522316,44.11334239,262.1197696,0.164976754
0.002582241,2.582240847,-19.52161064,44.1144607,248.0737499,0.10255
0.003221632,3.221631646,-19.53040272,44.10931212,324.136263,0.440605614
0.002385754,2.385753505,-19.52170478,44.12541269,243.9592169,0.084263186
0.003471453,3.471453164,-19.52561772,44.12603365,206.2873631,-0.083167275
0.00238695,2.386950378,-19.5273892,44.12590059,187.6909389,-0.165818049
0.003660012,3.660011804,-19.52735976,44.12448707,147.6691144,-0.343692825
0.002073376,2.073376267,-19.5251313,44.12702253,237.8060794,0.056915908
0.002064601,2.064601138,-19.5542618,44.11566233,544.1720192,1.418542308
0.002186914,2.186913584,-19.51530592,44.12730727,389.0148631,0.728954947
0.001776484,1.77648398,-19.52140874,44.11302406,282.2949929,0.254644413
0.002555516,2.555516355,-19.5209572,44.11290241,291.6092994,0.296041331
0.002509814,2.509814104,-19.53632123,44.12226835,153.8004785,-0.316442318
0.002402032,2.402032019,-19.53483208,44.1237348,154.5273352,-0.313211844
0.002514205,2.514205173,-19.5361268,44.12012073,133.3914691,-0.407149026
0.002240997,2.240996699,-19.53667525,44.12029349,145.5493998,-0.353113779
0.002082584,2.082583946,-19.53395249,44.12540964,185.1892333,-0.176936741
0.002892302,2.892301645,-19.53921129,44.12603605,271.4227204,0.206323202
0.002217336,2.217336017,-19.53935305,44.12660539,285.5364936,0.269051083
0.00244795,2.447950161,-19.53890725,44.12655013,277.5024568,0.233344253
0.005667579,5.667578682,-19.52848289,44.12794328,243.0642076,0.080285367
0.002466948,2.466947615,-19.51820213,44.12899571,374.5565388,0.664695728
0.002382925,2.382925162,-19.5188701,44.1295913,378.4354651,0.6819354
0.002452391,2.45239138,-19.51835839,44.13238907,453.043897,1.013528431
0.002054394,2.054393761,-19.51583619,44.13077923,449.2150069,0.996511142
0.001755723,1.755723394,-19.5157365,44.130774,450.5912649,1.002627844
0.002081784,2.081783523,-19.51489372,44.13051834,457.9866497,1.035496221
0.001826473,1.826473182,-19.52611393,44.13005735,316.4128949,0.406279533
0.002208973,2.20897302,-19.517725,44.11482975,309.7464617,0.376650941
0.006431585,6.431584754,-19.51921123,44.11443638,289.1134752,0.284948778
